{"title":"simple_quarto_website","markdown":{"yaml":{"title":"simple_quarto_website","bibliography":"reference.bib"},"headingText":"Table of contents","containsRefs":false,"markdown":"\n\n1. [Introduction](#Intro)\n2. [Ipsum Lorem](#IpsumLorem)\n3. [Education](#Edu)\n\n# Intro <a name=\"Intro\"></a>\nHello my name is Brian Kwon.\n\n## Ipsum Lorem <a name=\"IpsumLorem\"></a>\nLorem ipsum dolor sit amet, consectetur adipiscing elit, sed do eiusmod tempor incididunt ut labore et dolore magna aliqua. Ut enim ad minim veniam, quis nostrud exercitation ullamco laboris nisi ut aliquip ex ea commodo consequat. Duis aute irure dolor in reprehenderit in voluptate velit esse cillum dolore eu fugiat nulla pariatur. Excepteur sint occaecat cupidatat non proident, sunt in culpa qui officia deserunt mollit anim id est laborum.\n\n### Education <a name=\"Edu\"></a>\n* Michigan State University\n* Georgetown University\n\n\n```{r, echo=FALSE, fig.width=5, fig.height=4}\npar(mar = c(4, 4, .2, .1))\nplot(cars, pch = 19)\n```\n\n<table border=\"0\">\n <tr>\n    <td><b style=\"font-size:30px\">Title</b></td>\n    <td><b style=\"font-size:30px\">Title 2</b></td>\n </tr>\n <tr>\n    <td>Lorem ipsum dolor sit amet, consectetur adipiscing elit, sed do eiusmod tempor incididunt ut labore et dolore magna aliqua. Mattis ullamcorper velit sed ullamcorper morbi tincidunt ornare massa eget. </td>\n    <td>Augue neque gravida in fermentum et sollicitudin ac orci phasellus. Egestas diam in arcu cursus euismod quis. Turpis nunc eget lorem dolor sed viverra ipsum nunc aliquet.</td>\n </tr>\n</table>\n\n\n\n| Semester | Classes |\n| -------- | ------- |\n| Fall 23  | DSAN 5000 |\n| Fall 23  | DSAN 5100 |\n\n$P(A|B) = \\frac{P(A\\cap B)}{P(B)}$\n\n$$P(A|B) = \\frac{P(B|A)P(A)}{P(B)}$$\n\n> Life is short\n\nOne sentence from the article [^1]\n\n[^1]: This is the footnote.\n\n<iframe width=\"560\" height=\"315\" src=\"https://www.youtube.com/embed/ChH3mgE8JWw?si=4K2DQIPBa-YZ9lFA\" title=\"YouTube video player\" frameborder=\"0\" allow=\"accelerometer; autoplay; clipboard-write; encrypted-media; gyroscope; picture-in-picture; web-share\" allowfullscreen></iframe>\n\n<iframe width=\"560\" height=\"315\" src=\"https://www.youtube.com/embed/RIHZypMyQ2s?si=dj5MGKS_2Kp4CSnV\" title=\"YouTube video player\" frameborder=\"0\" allow=\"accelerometer; autoplay; clipboard-write; encrypted-media; gyroscope; picture-in-picture; web-share\" allowfullscreen></iframe>\n\n![](https://images.unsplash.com/photo-1579353977828-2a4eab540b9a?ixlib=rb-4.0.3&ixid=M3wxMjA3fDB8MHxzZWFyY2h8Mnx8c2FtcGxlfGVufDB8fDB8fHww&w=1000&q=80)\n\n![](./images/DSC04058.JPG)\n\n\n```{mermaid}\ngraph TD;\n    A-->B;\n    A-->C;\n    B-->D;\n    C-->D;\n```\n\n[@gonzales2014becoming]","srcMarkdownNoYaml":"\n\n# Table of contents\n1. [Introduction](#Intro)\n2. [Ipsum Lorem](#IpsumLorem)\n3. [Education](#Edu)\n\n# Intro <a name=\"Intro\"></a>\nHello my name is Brian Kwon.\n\n## Ipsum Lorem <a name=\"IpsumLorem\"></a>\nLorem ipsum dolor sit amet, consectetur adipiscing elit, sed do eiusmod tempor incididunt ut labore et dolore magna aliqua. Ut enim ad minim veniam, quis nostrud exercitation ullamco laboris nisi ut aliquip ex ea commodo consequat. Duis aute irure dolor in reprehenderit in voluptate velit esse cillum dolore eu fugiat nulla pariatur. Excepteur sint occaecat cupidatat non proident, sunt in culpa qui officia deserunt mollit anim id est laborum.\n\n### Education <a name=\"Edu\"></a>\n* Michigan State University\n* Georgetown University\n\n\n```{r, echo=FALSE, fig.width=5, fig.height=4}\npar(mar = c(4, 4, .2, .1))\nplot(cars, pch = 19)\n```\n\n<table border=\"0\">\n <tr>\n    <td><b style=\"font-size:30px\">Title</b></td>\n    <td><b style=\"font-size:30px\">Title 2</b></td>\n </tr>\n <tr>\n    <td>Lorem ipsum dolor sit amet, consectetur adipiscing elit, sed do eiusmod tempor incididunt ut labore et dolore magna aliqua. Mattis ullamcorper velit sed ullamcorper morbi tincidunt ornare massa eget. </td>\n    <td>Augue neque gravida in fermentum et sollicitudin ac orci phasellus. Egestas diam in arcu cursus euismod quis. Turpis nunc eget lorem dolor sed viverra ipsum nunc aliquet.</td>\n </tr>\n</table>\n\n\n\n| Semester | Classes |\n| -------- | ------- |\n| Fall 23  | DSAN 5000 |\n| Fall 23  | DSAN 5100 |\n\n$P(A|B) = \\frac{P(A\\cap B)}{P(B)}$\n\n$$P(A|B) = \\frac{P(B|A)P(A)}{P(B)}$$\n\n> Life is short\n\nOne sentence from the article [^1]\n\n[^1]: This is the footnote.\n\n<iframe width=\"560\" height=\"315\" src=\"https://www.youtube.com/embed/ChH3mgE8JWw?si=4K2DQIPBa-YZ9lFA\" title=\"YouTube video player\" frameborder=\"0\" allow=\"accelerometer; autoplay; clipboard-write; encrypted-media; gyroscope; picture-in-picture; web-share\" allowfullscreen></iframe>\n\n<iframe width=\"560\" height=\"315\" src=\"https://www.youtube.com/embed/RIHZypMyQ2s?si=dj5MGKS_2Kp4CSnV\" title=\"YouTube video player\" frameborder=\"0\" allow=\"accelerometer; autoplay; clipboard-write; encrypted-media; gyroscope; picture-in-picture; web-share\" allowfullscreen></iframe>\n\n![](https://images.unsplash.com/photo-1579353977828-2a4eab540b9a?ixlib=rb-4.0.3&ixid=M3wxMjA3fDB8MHxzZWFyY2h8Mnx8c2FtcGxlfGVufDB8fDB8fHww&w=1000&q=80)\n\n![](./images/DSC04058.JPG)\n\n\n```{mermaid}\ngraph TD;\n    A-->B;\n    A-->C;\n    B-->D;\n    C-->D;\n```\n\n[@gonzales2014becoming]"},"formats":{"html":{"identifier":{"display-name":"HTML","target-format":"html","base-format":"html"},"execute":{"fig-width":7,"fig-height":5,"fig-format":"retina","fig-dpi":96,"df-print":"default","error":false,"eval":true,"cache":null,"freeze":false,"echo":true,"output":true,"warning":true,"include":true,"keep-md":false,"keep-ipynb":false,"ipynb":null,"enabled":null,"daemon":null,"daemon-restart":false,"debug":false,"ipynb-filters":[],"engine":"knitr"},"render":{"keep-tex":false,"keep-source":false,"keep-hidden":false,"prefer-html":false,"output-divs":true,"output-ext":"html","fig-align":"default","fig-pos":null,"fig-env":null,"code-fold":"none","code-overflow":"scroll","code-link":false,"code-line-numbers":false,"code-tools":false,"tbl-colwidths":"auto","merge-includes":true,"inline-includes":false,"preserve-yaml":false,"latex-auto-mk":true,"latex-auto-install":true,"latex-clean":true,"latex-max-runs":10,"latex-makeindex":"makeindex","latex-makeindex-opts":[],"latex-tlmgr-opts":[],"latex-input-paths":[],"latex-output-dir":null,"link-external-icon":false,"link-external-newwindow":false,"self-contained-math":false,"format-resources":[],"notebook-links":true,"format-links":true},"pandoc":{"standalone":true,"wrap":"none","default-image-extension":"png","to":"html","toc":true,"output-file":"index.html"},"language":{"toc-title-document":"Table of contents","toc-title-website":"On this page","related-formats-title":"Other Formats","related-notebooks-title":"Notebooks","source-notebooks-prefix":"Source","section-title-abstract":"Abstract","section-title-appendices":"Appendices","section-title-footnotes":"Footnotes","section-title-references":"References","section-title-reuse":"Reuse","section-title-copyright":"Copyright","section-title-citation":"Citation","appendix-attribution-cite-as":"For attribution, please cite this work as:","appendix-attribution-bibtex":"BibTeX citation:","title-block-author-single":"Author","title-block-author-plural":"Authors","title-block-affiliation-single":"Affiliation","title-block-affiliation-plural":"Affiliations","title-block-published":"Published","title-block-modified":"Modified","callout-tip-title":"Tip","callout-note-title":"Note","callout-warning-title":"Warning","callout-important-title":"Important","callout-caution-title":"Caution","code-summary":"Code","code-tools-menu-caption":"Code","code-tools-show-all-code":"Show All Code","code-tools-hide-all-code":"Hide All Code","code-tools-view-source":"View Source","code-tools-source-code":"Source Code","code-line":"Line","code-lines":"Lines","copy-button-tooltip":"Copy to Clipboard","copy-button-tooltip-success":"Copied!","repo-action-links-edit":"Edit this page","repo-action-links-source":"View source","repo-action-links-issue":"Report an issue","back-to-top":"Back to top","search-no-results-text":"No results","search-matching-documents-text":"matching documents","search-copy-link-title":"Copy link to search","search-hide-matches-text":"Hide additional matches","search-more-match-text":"more match in this document","search-more-matches-text":"more matches in this document","search-clear-button-title":"Clear","search-detached-cancel-button-title":"Cancel","search-submit-button-title":"Submit","search-label":"Search","toggle-section":"Toggle section","toggle-sidebar":"Toggle sidebar navigation","toggle-dark-mode":"Toggle dark mode","toggle-reader-mode":"Toggle reader mode","toggle-navigation":"Toggle navigation","crossref-fig-title":"Figure","crossref-tbl-title":"Table","crossref-lst-title":"Listing","crossref-thm-title":"Theorem","crossref-lem-title":"Lemma","crossref-cor-title":"Corollary","crossref-prp-title":"Proposition","crossref-cnj-title":"Conjecture","crossref-def-title":"Definition","crossref-exm-title":"Example","crossref-exr-title":"Exercise","crossref-ch-prefix":"Chapter","crossref-apx-prefix":"Appendix","crossref-sec-prefix":"Section","crossref-eq-prefix":"Equation","crossref-lof-title":"List of Figures","crossref-lot-title":"List of Tables","crossref-lol-title":"List of Listings","environment-proof-title":"Proof","environment-remark-title":"Remark","environment-solution-title":"Solution","listing-page-order-by":"Order By","listing-page-order-by-default":"Default","listing-page-order-by-date-asc":"Oldest","listing-page-order-by-date-desc":"Newest","listing-page-order-by-number-desc":"High to Low","listing-page-order-by-number-asc":"Low to High","listing-page-field-date":"Date","listing-page-field-title":"Title","listing-page-field-description":"Description","listing-page-field-author":"Author","listing-page-field-filename":"File Name","listing-page-field-filemodified":"Modified","listing-page-field-subtitle":"Subtitle","listing-page-field-readingtime":"Reading Time","listing-page-field-categories":"Categories","listing-page-minutes-compact":"{0} min","listing-page-category-all":"All","listing-page-no-matches":"No matching items"},"metadata":{"lang":"en","fig-responsive":true,"quarto-version":"1.3.450","bibliography":["reference.bib"],"theme":"cosmo","title":"simple_quarto_website"},"extensions":{"book":{"multiFile":true}}}},"projectFormats":["html"]}