{
  "hash": "bd75291175aedf234ec2f355579ba86f",
  "result": {
    "markdown": "---\ntitle: \"simple_quarto_website\"\nbibliography: reference.bib\n---\n\n\n# Table of contents\n1. [Introduction](#Intro)\n2. [Ipsum Lorem](#IpsumLorem)\n3. [Education](#Edu)\n\n# Intro <a name=\"Intro\"></a>\nHello my name is Brian Kwon.\n\n## Ipsum Lorem <a name=\"IpsumLorem\"></a>\nLorem ipsum dolor sit amet, consectetur adipiscing elit, sed do eiusmod tempor incididunt ut labore et dolore magna aliqua. Ut enim ad minim veniam, quis nostrud exercitation ullamco laboris nisi ut aliquip ex ea commodo consequat. Duis aute irure dolor in reprehenderit in voluptate velit esse cillum dolore eu fugiat nulla pariatur. Excepteur sint occaecat cupidatat non proident, sunt in culpa qui officia deserunt mollit anim id est laborum.\n\n### Education <a name=\"Edu\"></a>\n* Michigan State University\n* Georgetown University\n\n\n\n::: {.cell}\n::: {.cell-output-display}\n![](index_files/figure-html/unnamed-chunk-1-1.png){width=480}\n:::\n:::\n\n\n<table border=\"0\">\n <tr>\n    <td><b style=\"font-size:30px\">Title</b></td>\n    <td><b style=\"font-size:30px\">Title 2</b></td>\n </tr>\n <tr>\n    <td>Lorem ipsum dolor sit amet, consectetur adipiscing elit, sed do eiusmod tempor incididunt ut labore et dolore magna aliqua. Mattis ullamcorper velit sed ullamcorper morbi tincidunt ornare massa eget. </td>\n    <td>Augue neque gravida in fermentum et sollicitudin ac orci phasellus. Egestas diam in arcu cursus euismod quis. Turpis nunc eget lorem dolor sed viverra ipsum nunc aliquet.</td>\n </tr>\n</table>\n\n\n\n| Semester | Classes |\n| -------- | ------- |\n| Fall 23  | DSAN 5000 |\n| Fall 23  | DSAN 5100 |\n\n$P(A|B) = \\frac{P(A\\cap B)}{P(B)}$\n\n$$P(A|B) = \\frac{P(B|A)P(A)}{P(B)}$$\n\n> Life is short\n\nOne sentence from the article [^1]\n\n[^1]: This is the footnote.\n\n<iframe width=\"560\" height=\"315\" src=\"https://www.youtube.com/embed/ChH3mgE8JWw?si=4K2DQIPBa-YZ9lFA\" title=\"YouTube video player\" frameborder=\"0\" allow=\"accelerometer; autoplay; clipboard-write; encrypted-media; gyroscope; picture-in-picture; web-share\" allowfullscreen></iframe>\n\n<iframe width=\"560\" height=\"315\" src=\"https://www.youtube.com/embed/RIHZypMyQ2s?si=dj5MGKS_2Kp4CSnV\" title=\"YouTube video player\" frameborder=\"0\" allow=\"accelerometer; autoplay; clipboard-write; encrypted-media; gyroscope; picture-in-picture; web-share\" allowfullscreen></iframe>\n\n![](https://images.unsplash.com/photo-1579353977828-2a4eab540b9a?ixlib=rb-4.0.3&ixid=M3wxMjA3fDB8MHxzZWFyY2h8Mnx8c2FtcGxlfGVufDB8fDB8fHww&w=1000&q=80)\n\n![](./images/DSC04058.JPG)\n\n\n\n```{mermaid}\ngraph TD;\n    A-->B;\n    A-->C;\n    B-->D;\n    C-->D;\n```\n\n\n[@gonzales2014becoming]",
    "supporting": [
      "index_files"
    ],
    "filters": [
      "rmarkdown/pagebreak.lua"
    ],
    "includes": {},
    "engineDependencies": {},
    "preserve": {},
    "postProcess": true
  }
}